label,strategy,estimator,n_windows,mean_mse,median_mse,iqr_mse,coverage_error,sign_test_p
full,Equal Weight,Aliased,153,4.597917913260981e-12,2.164833187968353e-12,4.2034080843900334e-12,0.007189542483660126,
full,Equal Weight,De-aliased,153,4.597917913260981e-12,2.164833187968353e-12,4.2034080843900334e-12,0.007189542483660126,
full,Equal Weight,Ledoit-Wolf,153,4.4756163451292905e-12,2.0407201461076224e-12,3.9380041109990145e-12,0.013725490196078424,1.0
full,Min-Variance (box),Aliased,153,1.9441156559168115e-10,3.0560133620268833e-12,1.1542958376431207e-11,0.11993464052287582,0.04325513078582877
full,Min-Variance (box),De-aliased,153,1.9441156559168115e-10,3.0560133620268833e-12,1.1542958376431207e-11,0.11993464052287582,0.04325513078582877
full,Min-Variance (box),Ledoit-Wolf,153,1.3645297271980343e-10,2.09682827258129e-12,4.585997958849659e-12,0.007189542483660126,0.30287755263032495
