estimator,mse,var95_coverage_error
dealias,1.1797471042492662e-05,0.009677419354838707
lw,1.0726421595697362e-05,0.027419354838709678
