regime,estimator,portfolio,mse_mean,es_mse_mean,var95,es95,realised_var,realised_es,violation_rate,count,baseline_mse,baseline_es_mse,delta_mse_vs_baseline,delta_es_vs_baseline
calm,baseline,ew,2.3908433491978466e-11,,-0.0036342894585133356,-0.004557545601281546,1.7565545415872606e-36,,0.0,24,2.3908433491978466e-11,,0.0,
calm,baseline,mv,2.3908433491978466e-11,,-0.003634289458513335,-0.004557545601281546,7.880566848290039e-36,,0.0,24,2.3908433491978466e-11,,0.0,
calm,overlay,ew,1.8145129081115947e-11,,-0.0027386555007531117,-0.00343438448515563,1.7565545415872606e-36,,0.0,24,2.3908433491978466e-11,,-5.763304410862519e-12,
calm,overlay,mv,1.8145129081115947e-11,,-0.0027386555007531117,-0.0034343844851556296,7.880566848290039e-36,,0.0,24,2.3908433491978466e-11,,-5.763304410862519e-12,
calm,sample,ew,1.3869424534949877e-42,,-1.6448536269514726e-06,-2.0627128075074254e-06,1.7565545415872606e-36,,0.0,24,2.3908433491978466e-11,,-2.3908433491978466e-11,
calm,sample,mv,1.1048380825734738e-42,,-1.6448536269514726e-06,-2.0627128075074254e-06,7.880566848290039e-36,,0.0,24,2.3908433491978466e-11,,-2.3908433491978466e-11,
