regime,detections,detection_rate,edge_margin_mean,stability_margin_mean,isolation_share
full,0.19148936170212766,0.023936170212765957,0.18561388564640244,0.08649916853909907,0.19148936090247537
