regime,estimator,portfolio,mse_mean,es_mse_mean,var95,es95,realised_var,realised_es,violation_rate,count,baseline_mse,baseline_es_mse,delta_mse_vs_baseline,delta_es_vs_baseline
full,baseline,ew,2.6592014688813415e-11,,-0.003723571451530074,-0.004669508822481196,1.8714366752844685e-36,,0.0,71,2.6592014688813415e-11,,0.0,
full,baseline,mv,2.6592014688813415e-11,,-0.003723571451530074,-0.004669508822481197,1.410276973455312e-35,,0.0,71,2.6592014688813415e-11,,0.0,
full,overlay,ew,2.0899456513312483e-11,,-0.002940392282935207,-0.003687370548799226,1.8714366752844685e-36,,0.0,71,2.6592014688813415e-11,,-5.692558175500932e-12,
full,overlay,mv,2.0899456513312486e-11,,-0.002940392282935207,-0.003687370548799226,1.410276973455312e-35,,0.0,71,2.6592014688813415e-11,,-5.6925581755009284e-12,
full,sample,ew,1.932230222444449e-42,,-1.6448536269514728e-06,-2.0627128075074254e-06,1.8714366752844685e-36,,0.0,71,2.6592014688813415e-11,,-2.6592014688813415e-11,
full,sample,mv,1.2997450323948294e-42,,-1.6448536269514728e-06,-2.0627128075074254e-06,1.410276973455312e-35,,0.0,71,2.6592014688813415e-11,,-2.6592014688813415e-11,
