spike_strength,aliased_mean,aliased_bias,dealiased_mean,dealiased_bias,detection_rate
4.0,10.004027569532273,6.004027569532273,4.983114268574708,0.9831142685747079,1.0
6.0,14.132158308740358,8.132158308740358,7.047789763644305,1.047789763644305,1.0
8.0,17.857535748601457,9.857535748601457,8.910777550637633,0.9107775506376328,1.0
