spike_strength,aliased_mean,aliased_bias,dealiased_mean,dealiased_bias,detection_rate
4.0,10.004027569532273,6.004027569532273,3.6468534041134353,-0.3531465958865647,0.995
6.0,14.132158308740358,8.132158308740358,4.677664181075993,-1.3223358189240066,1.0
8.0,17.857535748601457,9.857535748601457,5.625416484139796,-2.3745835158602038,1.0
