spike_strength,aliased_mean,aliased_bias,dealiased_mean,dealiased_bias,detection_rate
4.0,14.147220430470608,10.147220430470608,4.697457788887338,0.6974577888873377,1.0
6.0,19.61277175240279,13.61277175240279,6.5196935269089,0.5196935269088998,1.0
