spike_strength,aliased_mean,aliased_bias,dealiased_mean,dealiased_bias,detection_rate
4.0,9.843506518079845,5.843506518079845,4.9028246414804695,0.9028246414804695,1.0
6.0,14.48989879290295,8.48989879290295,7.2267089604817185,1.2267089604817185,1.0
