spike_strength,aliased_mean,aliased_bias,dealiased_mean,dealiased_bias,detection_rate
4.0,10.004027569532273,6.004027569532273,3.243145051596462,-0.7568549484035381,0.03
6.0,14.132158308740358,8.132158308740358,3.631612326684665,-2.368387673315335,0.625
8.0,17.857535748601457,9.857535748601457,4.302944658738012,-3.697055341261988,0.935
