spike_index,true_strength,aliased_mean,aliased_bias,dealiased_mean,dealiased_bias,detection_rate
0,7.0,8.066661397652021,1.0666613976520214,8.516403795263576,1.5164037952635763,1.0
1,5.0,5.415012112117183,0.41501211211718303,5.836076034479936,0.8360760344799356,1.0
2,3.5,3.6477379589520784,0.14773795895207842,4.069557925306821,0.569557925306821,0.9833333333333333
