spike_index,true_strength,aliased_mean,aliased_bias,dealiased_mean,dealiased_bias,detection_rate
0,7.0,6.955385056864221,-0.044614943135779406,8.232090627754905,1.2320906277549053,1.0
1,5.0,4.985285389612483,-0.01471461038751709,5.948675203598478,0.9486752035984782,0.9416666666666667
2,3.5,3.47045985678849,-0.029540143211510106,4.229792169157096,0.7297921691570961,0.9916666666666667
