spike_index,true_strength,aliased_mean,aliased_bias,dealiased_mean,dealiased_bias,dealiased_aligned_mean,dealiased_bias_aligned,detection_rate
0,7.0,8.174892642368473,1.174892642368473,8.635791008608269,1.635791008608269,8.347549894836508,1.3475498948365079,1.0
1,5.0,5.394602884923613,0.3946028849236134,5.836597138550342,0.8365971385503421,5.836597138550342,0.8365971385503421,1.0
2,3.5,3.6882371072813216,0.1882371072813216,4.103907842471089,0.6039078424710889,4.103907842471089,0.6039078424710889,0.9833333333333333
