spike_index,true_strength,aliased_mean,aliased_bias,dealiased_mean,dealiased_bias,dealiased_aligned_mean,dealiased_bias_aligned,detection_rate
0,7.0,7.718659396472137,0.7186593964721366,8.027017308150636,1.0270173081506364,7.679931017645794,0.679931017645794,1.0
1,5.0,5.268440093866335,0.26844009386633516,5.57458876561773,0.5745887656177304,5.57458876561773,0.5745887656177304,1.0
2,3.5,3.36295054412252,-0.13704945587747996,3.6619716980132413,0.1619716980132413,3.6619716980132413,0.1619716980132413,0.9833333333333333
