spike_index,true_strength,aliased_mean,aliased_bias,dealiased_mean,dealiased_bias,dealiased_aligned_mean,dealiased_bias_aligned,detection_rate
0,7.0,8.286714331509593,1.286714331509593,4.123998008155748,-2.8760019918442516,4.1732599644478166,-2.8267400355521834,0.9083333333333333
1,5.0,6.637658368775438,1.6376583687754378,3.2988415439368195,-1.7011584560631805,3.548430083440329,-1.451569916559671,0.11666666666666667
2,3.5,,,,,,,0.0
