mu,fraction,n_injected,recall,false_positive_rate
3.0,0.08184808436607272,118,0.0,0.0
4.0,0.07737945538791154,112,0.0,0.0
5.0,0.08375239382665439,121,0.0,0.0
